{"cameraMode":{"drawMode":0,"name":"Shaded","section":"Shading Mode"},"sceneLighting":false,"audioPlay":false,"sceneViewState":{"showFog":true,"showMaterialUpdate":false,"showSkybox":false,"showFlares":true,"showImageEffects":true,"showParticleSystems":true},"in2DMode":false,"pivot":{"x":-0.21651828289031983,"y":0.6867755651473999,"z":0.39791107177734377},"rotation":{"x":0.004718075506389141,"y":0.9951117038726807,"z":-0.08108951151371002,"w":0.057389747351408008},"size":1.511613130569458,"orthographic":false}