{"cameraMode":{"drawMode":0,"name":"Shaded","section":"Shading Mode"},"sceneLighting":false,"audioPlay":false,"sceneViewState":{"showFog":true,"showMaterialUpdate":false,"showSkybox":false,"showFlares":true,"showImageEffects":true,"showParticleSystems":true},"in2DMode":false,"pivot":{"x":0.0,"y":7.034916400909424,"z":0.000003993511199951172},"rotation":{"x":0.08390241861343384,"y":0.9105986952781677,"z":-0.3337486684322357,"w":0.22892944514751435},"size":23.2984619140625,"orthographic":false}