{"cameraMode":{"drawMode":0,"name":"Shaded","section":"Shading Mode"},"sceneLighting":true,"audioPlay":false,"sceneViewState":{"showFog":true,"showMaterialUpdate":false,"showSkybox":true,"showFlares":true,"showImageEffects":true,"showParticleSystems":true},"in2DMode":false,"pivot":{"x":-5.35846471786499,"y":10.490055084228516,"z":-23.767122268676759},"rotation":{"x":0.03964858502149582,"y":0.9584843516349793,"z":-0.22788673639297486,"w":0.16727858781814576},"size":51.726436614990237,"orthographic":false}