{"cameraMode":{"drawMode":0,"name":"Shaded","section":"Shading Mode"},"sceneLighting":false,"audioPlay":false,"sceneViewState":{"showFog":true,"showMaterialUpdate":false,"showSkybox":false,"showFlares":true,"showImageEffects":true,"showParticleSystems":true},"in2DMode":false,"pivot":{"x":-39.81084442138672,"y":1.6347757577896119,"z":46.80723571777344},"rotation":{"x":-0.03865189105272293,"y":-0.8495499491691589,"z":0.06281069666147232,"w":-0.5224897861480713},"size":5.772303581237793,"orthographic":false}